[{"pk": 1, "model": "contenttypes.contenttype", "fields": {"model": "permission", "name": "permission", "app_label": "auth"}}, {"pk": 2, "model": "contenttypes.contenttype", "fields": {"model": "group", "name": "group", "app_label": "auth"}}, {"pk": 3, "model": "contenttypes.contenttype", "fields": {"model": "user", "name": "user", "app_label": "auth"}}, {"pk": 4, "model": "contenttypes.contenttype", "fields": {"model": "contenttype", "name": "content type", "app_label": "contenttypes"}}, {"pk": 5, "model": "contenttypes.contenttype", "fields": {"model": "session", "name": "session", "app_label": "sessions"}}, {"pk": 6, "model": "contenttypes.contenttype", "fields": {"model": "site", "name": "site", "app_label": "sites"}}, {"pk": 7, "model": "contenttypes.contenttype", "fields": {"model": "logentry", "name": "log entry", "app_label": "admin"}}, {"pk": 8, "model": "contenttypes.contenttype", "fields": {"model": "migrationhistory", "name": "migration history", "app_label": "south"}}, {"pk": 9, "model": "contenttypes.contenttype", "fields": {"model": "kvstore", "name": "kv store", "app_label": "thumbnail"}}, {"pk": 10, "model": "contenttypes.contenttype", "fields": {"model": "exhibit", "name": "exhibit", "app_label": "basetyzer"}}, {"pk": 11, "model": "contenttypes.contenttype", "fields": {"model": "item", "name": "item", "app_label": "basetyzer"}}, {"pk": 12, "model": "contenttypes.contenttype", "fields": {"model": "experience", "name": "experience", "app_label": "basetyzer"}}, {"pk": 13, "model": "contenttypes.contenttype", "fields": {"model": "comment", "name": "comment", "app_label": "basetyzer"}}, {"pk": 14, "model": "contenttypes.contenttype", "fields": {"model": "photo", "name": "photo", "app_label": "basetyzer"}}, {"pk": 15, "model": "contenttypes.contenttype", "fields": {"model": "scan", "name": "scan", "app_label": "basetyzer"}}, {"pk": 16, "model": "contenttypes.contenttype", "fields": {"model": "action", "name": "action", "app_label": "basetyzer"}}, {"pk": 17, "model": "contenttypes.contenttype", "fields": {"model": "superqrcode", "name": "QRCode", "app_label": "basetyzer"}}, {"pk": "18qbxvn37rcuu6q3b0yvk31zumnbxclu", "model": "sessions.session", "fields": {"expire_date": "2013-05-30T12:00:41.668", "session_data": "NWVhZDMxOWFkYTJiZmIzMWY5MDJmMWRiYWQzMDJmOTg0YWFiNjg1YzqAAn1xAShVEl9hdXRoX3VzZXJfYmFja2VuZHECVSlkamFuZ28uY29udHJpYi5hdXRoLmJhY2tlbmRzLk1vZGVsQmFja2VuZHEDVQ1fYXV0aF91c2VyX2lkcQRLAnUu"}}, {"pk": "4yg2s6lsnqv85irl7xwbfs87anjafdtr", "model": "sessions.session", "fields": {"expire_date": "2013-06-03T08:33:57.304", "session_data": "Yzg1MmIxM2NmMmVmNmY2Nzg2YWVmNjRkMWM2MjJlNzVhOThhZDMzYzqAAn1xAShVEl9hdXRoX3VzZXJfYmFja2VuZHECVSlkamFuZ28uY29udHJpYi5hdXRoLmJhY2tlbmRzLk1vZGVsQmFja2VuZHEDVQ1fYXV0aF91c2VyX2lkcQRLAXUu"}}, {"pk": "and3391c98qzu6vjoh65gmc8dsd0d3mk", "model": "sessions.session", "fields": {"expire_date": "2013-05-07T22:22:23.407", "session_data": "Yzg1MmIxM2NmMmVmNmY2Nzg2YWVmNjRkMWM2MjJlNzVhOThhZDMzYzqAAn1xAShVEl9hdXRoX3VzZXJfYmFja2VuZHECVSlkamFuZ28uY29udHJpYi5hdXRoLmJhY2tlbmRzLk1vZGVsQmFja2VuZHEDVQ1fYXV0aF91c2VyX2lkcQRLAXUu"}}, {"pk": "dcy4weibybjfy5ubo6i1cz8p7fms78rg", "model": "sessions.session", "fields": {"expire_date": "2013-06-04T09:02:21.384", "session_data": "MWZhZTFhOTZmNDNmYTJkY2ZhMTY5MTM4OWQ4Zjc2NDU1OTNlZGFkMTqAAn1xAShYCgAAAHRlc3Rjb29raWVYBgAAAHdvcmtlZFUSX2F1dGhfdXNlcl9iYWNrZW5kcQJVKWRqYW5nby5jb250cmliLmF1dGguYmFja2VuZHMuTW9kZWxCYWNrZW5kcQNVDV9hdXRoX3VzZXJfaWRxBEsDdS4="}}, {"pk": "gn4vll8uxotywdrmbrswmiwg3ziu6ghr", "model": "sessions.session", "fields": {"expire_date": "2013-06-03T08:50:01.469", "session_data": "Yzg1MmIxM2NmMmVmNmY2Nzg2YWVmNjRkMWM2MjJlNzVhOThhZDMzYzqAAn1xAShVEl9hdXRoX3VzZXJfYmFja2VuZHECVSlkamFuZ28uY29udHJpYi5hdXRoLmJhY2tlbmRzLk1vZGVsQmFja2VuZHEDVQ1fYXV0aF91c2VyX2lkcQRLAXUu"}}, {"pk": "huxuv5alp0fu3fl1bszm9w6gq1bsau88", "model": "sessions.session", "fields": {"expire_date": "2013-05-29T08:29:43.935", "session_data": "Yzg1MmIxM2NmMmVmNmY2Nzg2YWVmNjRkMWM2MjJlNzVhOThhZDMzYzqAAn1xAShVEl9hdXRoX3VzZXJfYmFja2VuZHECVSlkamFuZ28uY29udHJpYi5hdXRoLmJhY2tlbmRzLk1vZGVsQmFja2VuZHEDVQ1fYXV0aF91c2VyX2lkcQRLAXUu"}}, {"pk": "k0gupqafswowoh2lkppd5przfzreib7z", "model": "sessions.session", "fields": {"expire_date": "2013-06-04T08:40:25.798", "session_data": "Yzg1MmIxM2NmMmVmNmY2Nzg2YWVmNjRkMWM2MjJlNzVhOThhZDMzYzqAAn1xAShVEl9hdXRoX3VzZXJfYmFja2VuZHECVSlkamFuZ28uY29udHJpYi5hdXRoLmJhY2tlbmRzLk1vZGVsQmFja2VuZHEDVQ1fYXV0aF91c2VyX2lkcQRLAXUu"}}, {"pk": "ndwvrsy0zcoh6fk036mj8k2qz1irydfw", "model": "sessions.session", "fields": {"expire_date": "2013-05-28T18:10:29.061", "session_data": "Yzg1MmIxM2NmMmVmNmY2Nzg2YWVmNjRkMWM2MjJlNzVhOThhZDMzYzqAAn1xAShVEl9hdXRoX3VzZXJfYmFja2VuZHECVSlkamFuZ28uY29udHJpYi5hdXRoLmJhY2tlbmRzLk1vZGVsQmFja2VuZHEDVQ1fYXV0aF91c2VyX2lkcQRLAXUu"}}, {"pk": "ykrujbl3pbupd24d5s24d7ytsceoi0lv", "model": "sessions.session", "fields": {"expire_date": "2013-06-03T09:09:32.021", "session_data": "NWQ2OGFiNjU3MWE1YWQ4YWQzYjk4OWUzZWRiNTRjYjcyOGM4YjIyMjqAAn1xAVgKAAAAdGVzdGNvb2tpZVgGAAAAd29ya2VkcQJzLg=="}}, {"pk": 1, "model": "sites.site", "fields": {"domain": "example.com", "name": "example.com"}}, {"pk": 1, "model": "south.migrationhistory", "fields": {"applied": "2013-04-23T22:17:48.646", "app_name": "django_extensions", "migration": "0001_empty"}}, {"pk": 2, "model": "south.migrationhistory", "fields": {"applied": "2013-04-23T22:17:57.387", "app_name": "basetyzer", "migration": "0001_initial"}}, {"pk": 3, "model": "south.migrationhistory", "fields": {"applied": "2013-04-23T22:17:59.044", "app_name": "basetyzer", "migration": "0002_auto__chg_field_experience_date"}}, {"pk": 4, "model": "south.migrationhistory", "fields": {"applied": "2013-04-23T22:18:02.737", "app_name": "basetyzer", "migration": "0003_auto__chg_field_action_comment__chg_field_action_scan__chg_field_actio"}}, {"pk": 5, "model": "south.migrationhistory", "fields": {"applied": "2013-04-23T22:18:09.435", "app_name": "basetyzer", "migration": "0004_auto__add_customuser__chg_field_experience_user__chg_field_exhibit_own"}}, {"pk": 6, "model": "south.migrationhistory", "fields": {"applied": "2013-04-23T22:18:10.573", "app_name": "basetyzer", "migration": "0005_auto__add_superqrcode"}}, {"pk": 7, "model": "south.migrationhistory", "fields": {"applied": "2013-04-23T22:18:12.731", "app_name": "basetyzer", "migration": "0006_auto__del_tag__del_field_item_tag"}}, {"pk": 8, "model": "south.migrationhistory", "fields": {"applied": "2013-04-23T22:18:14.327", "app_name": "basetyzer", "migration": "0007_auto__add_field_item_tag"}}, {"pk": 9, "model": "south.migrationhistory", "fields": {"applied": "2013-04-23T22:18:16.189", "app_name": "basetyzer", "migration": "0008_auto__add_field_exhibit_image"}}, {"pk": 10, "model": "south.migrationhistory", "fields": {"applied": "2013-04-23T22:18:17.919", "app_name": "basetyzer", "migration": "0009_auto__chg_field_item_photo"}}, {"pk": 11, "model": "south.migrationhistory", "fields": {"applied": "2013-04-23T22:18:20.058", "app_name": "basetyzer", "migration": "0010_auto__chg_field_exhibit_image"}}, {"pk": 12, "model": "south.migrationhistory", "fields": {"applied": "2013-04-23T22:18:26.305", "app_name": "basetyzer", "migration": "0011_auto__del_customuser__chg_field_exhibit_owner__del_field_experience_co"}}, {"pk": 13, "model": "south.migrationhistory", "fields": {"applied": "2013-04-23T22:18:30.025", "app_name": "basetyzer", "migration": "0012_auto__chg_field_experience_hash_url"}}, {"pk": 14, "model": "south.migrationhistory", "fields": {"applied": "2013-05-15T08:26:18.793", "app_name": "basetyzer", "migration": "0013_auto__chg_field_experience_hash_url__add_field_exhibit_scan_limit"}}, {"pk": "sorl-thumbnail||image||00365b760d100f36b43af05345a9e9d8", "model": "thumbnail.kvstore", "fields": {"value": "{\"storage\": \"django.core.files.storage.FileSystemStorage\", \"name\": \"cache/99/fb/99fb99a6898d284b2c4c1849df9ac22e.png\", \"size\": [300, 225]}"}}, {"pk": "sorl-thumbnail||image||016c9732619c443176143916f4d4474c", "model": "thumbnail.kvstore", "fields": {"value": "{\"storage\": \"django.core.files.storage.FileSystemStorage\", \"name\": \"cache/e2/a5/e2a5bef91caf080bfe7390013250530b.png\", \"size\": [245, 350]}"}}, {"pk": "sorl-thumbnail||image||01f509460d671366593d30a40100a0f8", "model": "thumbnail.kvstore", "fields": {"value": "{\"storage\": \"django.core.files.storage.FileSystemStorage\", \"name\": \"cache/a9/ee/a9eefc60aafe7400a602d512cf1bdb9e.png\", \"size\": [150, 67]}"}}, {"pk": "sorl-thumbnail||image||07290c133a43072397c9021602463d37", "model": "thumbnail.kvstore", "fields": {"value": "{\"storage\": \"django.core.files.storage.FileSystemStorage\", \"name\": \"cache/86/fd/86fd6bee87207c4f2c1b622d8f342321.png\", \"size\": [350, 263]}"}}, {"pk": "sorl-thumbnail||image||080cab527f78efd46279be5e76a8556f", "model": "thumbnail.kvstore", "fields": {"value": "{\"storage\": \"django.core.files.storage.FileSystemStorage\", \"name\": \"cache/86/23/862311007ac544bbebf0acfed791cabb.png\", \"size\": [150, 125]}"}}, {"pk": "sorl-thumbnail||image||0ca1086ed000c15da76682a5b43aad71", "model": "thumbnail.kvstore", "fields": {"value": "{\"storage\": \"django.core.files.storage.FileSystemStorage\", \"name\": \"images/items/Johannes_Vermeer_1632-1675_-_The_Girl_With_The_Pearl_Earring_1665_1.jpg\", \"size\": [1861, 2663]}"}}, {"pk": "sorl-thumbnail||image||0ea12a4aace5d9876ab36a6618d7e355", "model": "thumbnail.kvstore", "fields": {"value": "{\"storage\": \"django.core.files.storage.FileSystemStorage\", \"name\": \"images/items/The_Nightwatch_by_Rembrandt.jpg\", \"size\": [720, 600]}"}}, {"pk": "sorl-thumbnail||image||10b14243bc03eab0fd8ddaad46d87931", "model": "thumbnail.kvstore", "fields": {"value": "{\"storage\": \"django.core.files.storage.FileSystemStorage\", \"name\": \"images/items/800px-Michelangelo_-_Creation_of_Adam.jpg\", \"size\": [800, 534]}"}}, {"pk": "sorl-thumbnail||image||10d180d55d3279a912163bc292db4bc0", "model": "thumbnail.kvstore", "fields": {"value": "{\"storage\": \"django.core.files.storage.FileSystemStorage\", \"name\": \"images/userphoto/Margaery_Tyrell_Valar_Dress_1.png\", \"size\": [499, 750]}"}}, {"pk": "sorl-thumbnail||image||10d23fb0111d6d86c3cd838453fdd2fb", "model": "thumbnail.kvstore", "fields": {"value": "{\"storage\": \"django.core.files.storage.FileSystemStorage\", \"name\": \"cache/4c/3e/4c3e559e11bc588cf1319208cf15a230.png\", \"size\": [350, 263]}"}}, {"pk": "sorl-thumbnail||image||14b68534f6e6b6a7b5f8cf65bea42328", "model": "thumbnail.kvstore", "fields": {"value": "{\"storage\": \"django.core.files.storage.FileSystemStorage\", \"name\": \"images/items/Johannes_Vermeer_1632-1675_-_The_Girl_With_The_Pearl_Earring_1665.jpg\", \"size\": [419, 600]}"}}, {"pk": "sorl-thumbnail||image||164c1b53edefae752882507d4e630974", "model": "thumbnail.kvstore", "fields": {"value": "{\"storage\": \"django.core.files.storage.FileSystemStorage\", \"name\": \"images/items/Sandro_Botticelli_-_La_nascita_di_Venere_-_Google_Art_Project_-_edited.jpg\", \"size\": [800, 502]}"}}, {"pk": "sorl-thumbnail||image||175fd9c6f99e87d26bdea26249306f77", "model": "thumbnail.kvstore", "fields": {"value": "{\"storage\": \"django.core.files.storage.FileSystemStorage\", \"name\": \"cache/d8/78/d878dd277b36505d807e4ccb9de0a5c8.png\", \"size\": [350, 219]}"}}, {"pk": "sorl-thumbnail||image||183345a27f2e493be2d7239663fdbf4b", "model": "thumbnail.kvstore", "fields": {"value": "{\"storage\": \"django.core.files.storage.FileSystemStorage\", \"name\": \"images/userphoto/tenth_doctor_who-wallpaper_2_by_glarbinator_1.jpg\", \"size\": [1600, 1200]}"}}, {"pk": "sorl-thumbnail||image||20552ad413693ff6abdbea093d4e5004", "model": "thumbnail.kvstore", "fields": {"value": "{\"storage\": \"django.core.files.storage.FileSystemStorage\", \"name\": \"cache/7e/2b/7e2b3056738ad15b422d78ad9be294c1.png\", \"size\": [150, 100]}"}}, {"pk": "sorl-thumbnail||image||213950e9d78da304c73528781e4e4b0d", "model": "thumbnail.kvstore", "fields": {"value": "{\"storage\": \"django.core.files.storage.FileSystemStorage\", \"name\": \"cache/8e/91/8e91e9ffe3fdd9a3a41783bb52bca5f1.png\", \"size\": [300, 237]}"}}, {"pk": "sorl-thumbnail||image||23087bf109509cca959851b61ab811eb", "model": "thumbnail.kvstore", "fields": {"value": "{\"storage\": \"django.core.files.storage.FileSystemStorage\", \"name\": \"cache/d8/41/d84186fbf8c079cb4dcafc636978e2b2.png\", \"size\": [233, 350]}"}}, {"pk": "sorl-thumbnail||image||23489521954491e43eb3142d210b92f9", "model": "thumbnail.kvstore", "fields": {"value": "{\"storage\": \"django.core.files.storage.FileSystemStorage\", \"name\": \"cache/e8/ee/e8eec950e7454cbd3a91b447294f6d0c.png\", \"size\": [150, 113]}"}}, {"pk": "sorl-thumbnail||image||27f29b5bfb9926c9aa0f15c0d253b7ff", "model": "thumbnail.kvstore", "fields": {"value": "{\"storage\": \"django.core.files.storage.FileSystemStorage\", \"name\": \"cache/5a/1d/5a1d63f35b4ab8c3d355a62057b89a50.png\", \"size\": [233, 350]}"}}, {"pk": "sorl-thumbnail||image||2ad6db21f85ecdb39abcb632fdc05f4d", "model": "thumbnail.kvstore", "fields": {"value": "{\"storage\": \"django.core.files.storage.FileSystemStorage\", \"name\": \"cache/2b/67/2b67236eba8dfe3d082bd262344e817f.png\", \"size\": [53, 80]}"}}, {"pk": "sorl-thumbnail||image||2bcb21747a6bbac03a16f396839e4e27", "model": "thumbnail.kvstore", "fields": {"value": "{\"storage\": \"django.core.files.storage.FileSystemStorage\", \"name\": \"cache/ce/8a/ce8a06b66ce461f9cd87e5e9e6bacb9f.png\", \"size\": [200, 300]}"}}, {"pk": "sorl-thumbnail||image||2bf85632272c6c8e7585a2767f3e13b8", "model": "thumbnail.kvstore", "fields": {"value": "{\"storage\": \"django.core.files.storage.FileSystemStorage\", \"name\": \"images/userphoto/tumblr_mguyu676zh1s0a4soo1_1280.jpg\", \"size\": [640, 427]}"}}, {"pk": "sorl-thumbnail||image||30590f6da5db591d8bcd5258fa69454e", "model": "thumbnail.kvstore", "fields": {"value": "{\"storage\": \"django.core.files.storage.FileSystemStorage\", \"name\": \"cache/ba/84/ba849cb60a9e6654260e8ce44c632ea8.png\", \"size\": [300, 300]}"}}, {"pk": "sorl-thumbnail||image||3376ca81d12f7075c85d617dd5af5e7d", "model": "thumbnail.kvstore", "fields": {"value": "{\"storage\": \"django.core.files.storage.FileSystemStorage\", \"name\": \"cache/b8/4e/b84e5a64e25704177d53faa9e3e4c02f.png\", \"size\": [150, 113]}"}}, {"pk": "sorl-thumbnail||image||34113b3674c8bb0266bd3af28e2f1a06", "model": "thumbnail.kvstore", "fields": {"value": "{\"storage\": \"django.core.files.storage.FileSystemStorage\", \"name\": \"cache/96/94/96940322b36eaf76dcbab91a6992a7e7.png\", \"size\": [350, 263]}"}}, {"pk": "sorl-thumbnail||image||35212e1013086ab7ead1508d7ce6e01b", "model": "thumbnail.kvstore", "fields": {"value": "{\"storage\": \"django.core.files.storage.FileSystemStorage\", \"name\": \"cache/71/83/7183950d5e2d75561bf694bdb8d753ef.png\", \"size\": [150, 113]}"}}, {"pk": "sorl-thumbnail||image||39135d55d45a32ac117dd81c1c75c36f", "model": "thumbnail.kvstore", "fields": {"value": "{\"storage\": \"django.core.files.storage.FileSystemStorage\", \"name\": \"cache/06/64/0664cdf6c6e3589aef77f2da3e1ea0dc.png\", \"size\": [210, 300]}"}}, {"pk": "sorl-thumbnail||image||3bb660c83688b755f7288482ae4df574", "model": "thumbnail.kvstore", "fields": {"value": "{\"storage\": \"django.core.files.storage.FileSystemStorage\", \"name\": \"cache/57/00/57008b767dcfbd841b28b3b5e0143191.png\", \"size\": [150, 113]}"}}, {"pk": "sorl-thumbnail||image||3dfc783cc80cad889795f01a4bd01bac", "model": "thumbnail.kvstore", "fields": {"value": "{\"storage\": \"django.core.files.storage.FileSystemStorage\", \"name\": \"cache/49/48/4948274e1fd2131500c341b9af7f06cc.png\", \"size\": [210, 300]}"}}, {"pk": "sorl-thumbnail||image||41a8cc3a12eb4e418947e22f9e6da58e", "model": "thumbnail.kvstore", "fields": {"value": "{\"storage\": \"django.core.files.storage.FileSystemStorage\", \"name\": \"cache/16/56/165613cafb68b20c1604283647aa3817.png\", \"size\": [105, 150]}"}}, {"pk": "sorl-thumbnail||image||428ddfce4ee3f3c139b3f90f6140670d", "model": "thumbnail.kvstore", "fields": {"value": "{\"storage\": \"django.core.files.storage.FileSystemStorage\", \"name\": \"images/items/The_Scream.jpg\", \"size\": [475, 599]}"}}, {"pk": "sorl-thumbnail||image||47e4dac23a671f3f784ce118057904be", "model": "thumbnail.kvstore", "fields": {"value": "{\"storage\": \"django.core.files.storage.FileSystemStorage\", \"name\": \"cache/54/9c/549ca504872c33229fc86192f39d76f2.png\", \"size\": [150, 82]}"}}, {"pk": "sorl-thumbnail||image||4cc3889a5b37e30d8e75d06b1d4244cd", "model": "thumbnail.kvstore", "fields": {"value": "{\"storage\": \"django.core.files.storage.FileSystemStorage\", \"name\": \"cache/7d/1c/7d1ce3d1bd932e0c39e140c5b611a40d.png\", \"size\": [150, 114]}"}}, {"pk": "sorl-thumbnail||image||4de3ee4471cff412ae0a2f1b77318f49", "model": "thumbnail.kvstore", "fields": {"value": "{\"storage\": \"django.core.files.storage.FileSystemStorage\", \"name\": \"cache/c9/20/c920e3fb65bfb92ff81e9d7507fd6b22.png\", \"size\": [321, 80]}"}}, {"pk": "sorl-thumbnail||image||504ea952131a08929cd9a70c0c012b0f", "model": "thumbnail.kvstore", "fields": {"value": "{\"storage\": \"django.core.files.storage.FileSystemStorage\", \"name\": \"cache/c4/6d/c46dd14c5913404b03ae06d6b64dd5d9.png\", \"size\": [300, 203]}"}}, {"pk": "sorl-thumbnail||image||5055b233187586d75432eaec90ff71ae", "model": "thumbnail.kvstore", "fields": {"value": "{\"storage\": \"django.core.files.storage.FileSystemStorage\", \"name\": \"cache/ca/21/ca2166ae669c949c7da5d170c1670416.png\", \"size\": [200, 300]}"}}, {"pk": "sorl-thumbnail||image||507ba5abd5e0f0e864efc5af9912f78f", "model": "thumbnail.kvstore", "fields": {"value": "{\"storage\": \"django.core.files.storage.FileSystemStorage\", \"name\": \"cache/91/87/91876f5410ed038bea231fbc03abf987.png\", \"size\": [300, 75]}"}}, {"pk": "sorl-thumbnail||image||5266b1923ea2bb9d4fa3cd3d6ff8c6c1", "model": "thumbnail.kvstore", "fields": {"value": "{\"storage\": \"django.core.files.storage.FileSystemStorage\", \"name\": \"images/exhibit/Senza_titolo-1_1.png\", \"size\": [321, 80]}"}}, {"pk": "sorl-thumbnail||image||5bb6d2b3f61c17eaa2633154f53e3c2a", "model": "thumbnail.kvstore", "fields": {"value": "{\"storage\": \"django.core.files.storage.FileSystemStorage\", \"name\": \"cache/08/fb/08fb340139a24bbefe0309d366f3597f.png\", \"size\": [119, 150]}"}}, {"pk": "sorl-thumbnail||image||5c323c5568c2a09261e63d5847ec2dbe", "model": "thumbnail.kvstore", "fields": {"value": "{\"storage\": \"django.core.files.storage.FileSystemStorage\", \"name\": \"images/items/Mona_Lisa_by_Leonardo_da_Vinci_from_C2RMF_retouched.jpg\", \"size\": [402, 599]}"}}, {"pk": "sorl-thumbnail||image||6091c09359bbaf3907d030ab4b526949", "model": "thumbnail.kvstore", "fields": {"value": "{\"storage\": \"django.core.files.storage.FileSystemStorage\", \"name\": \"cache/d8/60/d860fc12b30b6585c8b0eb8e52cad84d.png\", \"size\": [200, 50]}"}}, {"pk": "sorl-thumbnail||image||60b8a83a78891d39d18d67aac117c52d", "model": "thumbnail.kvstore", "fields": {"value": "{\"storage\": \"django.core.files.storage.FileSystemStorage\", \"name\": \"cache/b1/db/b1db91cedb68d713742406fb2192bb19.png\", \"size\": [300, 225]}"}}, {"pk": "sorl-thumbnail||image||64f3d00f92ce8022eea3d283bd1f4783", "model": "thumbnail.kvstore", "fields": {"value": "{\"storage\": \"django.core.files.storage.FileSystemStorage\", \"name\": \"images/items/Van_Gogh_-_Starry_Night_-_Google_Art_Project.jpg\", \"size\": [757, 599]}"}}, {"pk": "sorl-thumbnail||image||6bb28b35857b520804b22f5685b45525", "model": "thumbnail.kvstore", "fields": {"value": "{\"storage\": \"django.core.files.storage.FileSystemStorage\", \"name\": \"cache/6f/1e/6f1e402db33fb07a44d6539e82840fc5.png\", \"size\": [150, 94]}"}}, {"pk": "sorl-thumbnail||image||72c530d6662b9bde7cec6c28a9d08f1c", "model": "thumbnail.kvstore", "fields": {"value": "{\"storage\": \"django.core.files.storage.FileSystemStorage\", \"name\": \"cache/fa/b9/fab9ed958934f643b58011c84edb7df7.png\", \"size\": [300, 228]}"}}, {"pk": "sorl-thumbnail||image||7d2fe307fbe2238f4f2658cb721e2307", "model": "thumbnail.kvstore", "fields": {"value": "{\"storage\": \"django.core.files.storage.FileSystemStorage\", \"name\": \"images/items/Claude_Monet_-_Wisteria_-_Google_Art_Project.jpg\", \"size\": [789, 599]}"}}, {"pk": "sorl-thumbnail||image||8404efa1c9749d516becf12d8b323a62", "model": "thumbnail.kvstore", "fields": {"value": "{\"storage\": \"django.core.files.storage.FileSystemStorage\", \"name\": \"cache/ce/04/ce04db2a1f2c3308ae5af6b604d934fe.png\", \"size\": [150, 94]}"}}, {"pk": "sorl-thumbnail||image||86c019780ded852fae0f4854fc629f4d", "model": "thumbnail.kvstore", "fields": {"value": "{\"storage\": \"django.core.files.storage.FileSystemStorage\", \"name\": \"images/userphoto/tenth_doctor_who-wallpaper_2_by_glarbinator.jpg\", \"size\": [1600, 1200]}"}}, {"pk": "sorl-thumbnail||image||8a1c33605be792504458c57372af10f3", "model": "thumbnail.kvstore", "fields": {"value": "{\"storage\": \"django.core.files.storage.FileSystemStorage\", \"name\": \"cache/a1/4d/a14db98773d7e01b5f570ad253bb386b.png\", \"size\": [321, 80]}"}}, {"pk": "sorl-thumbnail||image||8c96df31d71a9d063ed4f1e5eecff988", "model": "thumbnail.kvstore", "fields": {"value": "{\"storage\": \"django.core.files.storage.FileSystemStorage\", \"name\": \"images/userphoto/Wallpaper-doctor-who-12496215-1440-900.jpg\", \"size\": [1440, 900]}"}}, {"pk": "sorl-thumbnail||image||8cd09c2b433aa0a8e42f7d821bdfe956", "model": "thumbnail.kvstore", "fields": {"value": "{\"storage\": \"django.core.files.storage.FileSystemStorage\", \"name\": \"images/items/Margaery_Tyrell_Valar_Dress_1.png\", \"size\": [499, 750]}"}}, {"pk": "sorl-thumbnail||image||8e40a53630648f05c71ed50891c17873", "model": "thumbnail.kvstore", "fields": {"value": "{\"storage\": \"django.core.files.storage.FileSystemStorage\", \"name\": \"cache/be/a7/bea769c819d69901afee8cb4ea3725ba.png\", \"size\": [100, 150]}"}}, {"pk": "sorl-thumbnail||image||9536a5827da594eaf72b892f51fc0524", "model": "thumbnail.kvstore", "fields": {"value": "{\"storage\": \"django.core.files.storage.FileSystemStorage\", \"name\": \"cache/b4/40/b44024beb043880269e6b0b856602afc.png\", \"size\": [350, 288]}"}}, {"pk": "sorl-thumbnail||image||971edeb8b79042798ebfa0a5de2a0d19", "model": "thumbnail.kvstore", "fields": {"value": "{\"storage\": \"django.core.files.storage.FileSystemStorage\", \"name\": \"cache/6a/a1/6aa1787e3f31693e22b3904d4b43e6db.png\", \"size\": [150, 150]}"}}, {"pk": "sorl-thumbnail||image||989af25b29bb570b317bc85d7a39a488", "model": "thumbnail.kvstore", "fields": {"value": "{\"storage\": \"django.core.files.storage.FileSystemStorage\", \"name\": \"cache/b8/63/b86300d255a86422d4a04bc9fe077a1c.png\", \"size\": [302, 470]}"}}, {"pk": "sorl-thumbnail||image||99686031e5903819647cdeb35dce1284", "model": "thumbnail.kvstore", "fields": {"value": "{\"storage\": \"django.core.files.storage.FileSystemStorage\", \"name\": \"images/items/PicassoGuernica.jpg\", \"size\": [631, 283]}"}}, {"pk": "sorl-thumbnail||image||9e427fcccecacc1479cbd40bfe31d6cb", "model": "thumbnail.kvstore", "fields": {"value": "{\"storage\": \"django.core.files.storage.FileSystemStorage\", \"name\": \"cache/b3/7a/b37ab858ed0f324bfdc3c2bb1a6dea25.png\", \"size\": [300, 188]}"}}, {"pk": "sorl-thumbnail||image||a027ef128387ed69f099abd29dfb96ee", "model": "thumbnail.kvstore", "fields": {"value": "{\"storage\": \"django.core.files.storage.FileSystemStorage\", \"name\": \"cache/8c/13/8c138126056e0652a69b2d9c5c18168a.png\", \"size\": [150, 119]}"}}, {"pk": "sorl-thumbnail||image||a137d0c12aab276fc9e2de4fa6cb8bed", "model": "thumbnail.kvstore", "fields": {"value": "{\"storage\": \"django.core.files.storage.FileSystemStorage\", \"name\": \"cache/45/e2/45e29eaa334fc14bd0a58779ee1f9335.png\", \"size\": [300, 225]}"}}, {"pk": "sorl-thumbnail||image||a2ce39fda5b9fb64c3abbae666244d56", "model": "thumbnail.kvstore", "fields": {"value": "{\"storage\": \"django.core.files.storage.FileSystemStorage\", \"name\": \"images/items/30boxing.jpg\", \"size\": [583, 328]}"}}, {"pk": "sorl-thumbnail||image||a3c977b8f4800ded04b56cb27748b052", "model": "thumbnail.kvstore", "fields": {"value": "{\"storage\": \"django.core.files.storage.FileSystemStorage\", \"name\": \"cache/60/f6/60f63cd6c3167d29f8dc7bf7f50340aa.png\", \"size\": [225, 350]}"}}, {"pk": "sorl-thumbnail||image||a4b1107d035f27ec0fa9cc66b952a329", "model": "thumbnail.kvstore", "fields": {"value": "{\"storage\": \"django.core.files.storage.FileSystemStorage\", \"name\": \"images/items/scream-16_6155.jpg\", \"size\": [1280, 1573]}"}}, {"pk": "sorl-thumbnail||image||a7fc9eb848b95e6dfad0aefdf7fb5f26", "model": "thumbnail.kvstore", "fields": {"value": "{\"storage\": \"django.core.files.storage.FileSystemStorage\", \"name\": \"images/items/gogh.starry-night.jpg\", \"size\": [1013, 834]}"}}, {"pk": "sorl-thumbnail||image||ac5091264ffad61725b63e452c9c6c77", "model": "thumbnail.kvstore", "fields": {"value": "{\"storage\": \"django.core.files.storage.FileSystemStorage\", \"name\": \"cache/32/e1/32e17fcb725260617f00ea00fe48af2b.png\", \"size\": [150, 101]}"}}, {"pk": "sorl-thumbnail||image||ad1c824ec2a99fc7397e007499db3a74", "model": "thumbnail.kvstore", "fields": {"value": "{\"storage\": \"django.core.files.storage.FileSystemStorage\", \"name\": \"images/items/\\u00daltima_Cena_-_Da_Vinci_5.jpg\", \"size\": [800, 435]}"}}, {"pk": "sorl-thumbnail||image||af7e7fc873824822c203a86462b7d99e", "model": "thumbnail.kvstore", "fields": {"value": "{\"storage\": \"django.core.files.storage.FileSystemStorage\", \"name\": \"cache/9e/9c/9e9ca51c0131a0e610bbe7bef68e0976.png\", \"size\": [300, 135]}"}}, {"pk": "sorl-thumbnail||image||b1f122d55bcff7cef0152ee4771b713a", "model": "thumbnail.kvstore", "fields": {"value": "{\"storage\": \"django.core.files.storage.FileSystemStorage\", \"name\": \"images/items/kiss.jpeg\", \"size\": [225, 225]}"}}, {"pk": "sorl-thumbnail||image||b652c73a6fff6c8d635bfd2cb7ea7c6a", "model": "thumbnail.kvstore", "fields": {"value": "{\"storage\": \"django.core.files.storage.FileSystemStorage\", \"name\": \"cache/39/8a/398ae0bdbcbc993f739bdad720cd692a.png\", \"size\": [300, 225]}"}}, {"pk": "sorl-thumbnail||image||b975e54da8f54934b36fecfa0006e81a", "model": "thumbnail.kvstore", "fields": {"value": "{\"storage\": \"django.core.files.storage.FileSystemStorage\", \"name\": \"cache/55/94/559417e3869ddd10c8b5c69f9361e764.png\", \"size\": [300, 200]}"}}, {"pk": "sorl-thumbnail||image||ba938ab8bc32b42c179c462faa013fac", "model": "thumbnail.kvstore", "fields": {"value": "{\"storage\": \"django.core.files.storage.FileSystemStorage\", \"name\": \"images/items/Margaery_Tyrell_Valar_Dress.png\", \"size\": [499, 750]}"}}, {"pk": "sorl-thumbnail||image||bf23d16af0f047fc8f1dfdc356f84182", "model": "thumbnail.kvstore", "fields": {"value": "{\"storage\": \"django.core.files.storage.FileSystemStorage\", \"name\": \"cache/92/04/920435eb79c9d53eeaee34c7c0525bdd.png\", \"size\": [193, 300]}"}}, {"pk": "sorl-thumbnail||image||c63d05388e230be86c9b6df3b16dc6ac", "model": "thumbnail.kvstore", "fields": {"value": "{\"storage\": \"django.core.files.storage.FileSystemStorage\", \"name\": \"cache/ef/19/ef19e3f7575f2ed948ea52145e353356.png\", \"size\": [200, 50]}"}}, {"pk": "sorl-thumbnail||image||c9bf033dc608c19dd5c193294cf39f8a", "model": "thumbnail.kvstore", "fields": {"value": "{\"storage\": \"django.core.files.storage.FileSystemStorage\", \"name\": \"images/items/Gustav_Klimt_016.jpg\", \"size\": [599, 600]}"}}, {"pk": "sorl-thumbnail||image||c9cbecc06ef2d8ed696d69023f266084", "model": "thumbnail.kvstore", "fields": {"value": "{\"storage\": \"django.core.files.storage.FileSystemStorage\", \"name\": \"cache/44/78/44787856ec6e0403db516912c4c24301.png\", \"size\": [268, 400]}"}}, {"pk": "sorl-thumbnail||image||cd3d348f8bba26e9a9c93a28c8dee27b", "model": "thumbnail.kvstore", "fields": {"value": "{\"storage\": \"django.core.files.storage.FileSystemStorage\", \"name\": \"cache/c3/18/c3180bcff997a76fa3e0a8e2cc5d1548.png\", \"size\": [350, 263]}"}}, {"pk": "sorl-thumbnail||image||d01edaa0f4d131f157525a469e14458b", "model": "thumbnail.kvstore", "fields": {"value": "{\"storage\": \"django.core.files.storage.FileSystemStorage\", \"name\": \"cache/7c/35/7c353a47d15fcf68fb36f59dda0f893b.png\", \"size\": [201, 300]}"}}, {"pk": "sorl-thumbnail||image||d02f5f2c7b73480f8f759bbf79a16e58", "model": "thumbnail.kvstore", "fields": {"value": "{\"storage\": \"django.core.files.storage.FileSystemStorage\", \"name\": \"cache/fd/24/fd24f471bd84ae729794149ed99c531a.png\", \"size\": [53, 80]}"}}, {"pk": "sorl-thumbnail||image||d0c129a7351065633721225a5ae05b44", "model": "thumbnail.kvstore", "fields": {"value": "{\"storage\": \"django.core.files.storage.FileSystemStorage\", \"name\": \"cache/fa/a1/faa17f410feb4209bde2ab25498dbfcb.png\", \"size\": [150, 113]}"}}, {"pk": "sorl-thumbnail||image||d138696bb50ac5dda7676b25da5fc89a", "model": "thumbnail.kvstore", "fields": {"value": "{\"storage\": \"django.core.files.storage.FileSystemStorage\", \"name\": \"cache/5d/b9/5db98e919e9a64209f9a19a6f93a5e14.png\", \"size\": [300, 250]}"}}, {"pk": "sorl-thumbnail||image||d288f73ba12d5525da4a8c2784bcf2b8", "model": "thumbnail.kvstore", "fields": {"value": "{\"storage\": \"django.core.files.storage.FileSystemStorage\", \"name\": \"images/userphoto/ac3b6ad9c70d4c58d27f58c7ffbaab93b9602ec0.jpeg\", \"size\": [640, 480]}"}}, {"pk": "sorl-thumbnail||image||d3cc8ee6c6100ec067c15f90fe04227d", "model": "thumbnail.kvstore", "fields": {"value": "{\"storage\": \"django.core.files.storage.FileSystemStorage\", \"name\": \"cache/78/8e/788e93b794a39fc6ec98bc9b50f10fed.png\", \"size\": [350, 263]}"}}, {"pk": "sorl-thumbnail||image||d456530021e6b9ca95981ad9e2080eff", "model": "thumbnail.kvstore", "fields": {"value": "{\"storage\": \"django.core.files.storage.FileSystemStorage\", \"name\": \"cache/cb/c5/cbc5af610c13329455d02bf8aa2fb859.png\", \"size\": [142, 80]}"}}, {"pk": "sorl-thumbnail||image||d52f4a6adf186a26130258db9c0fc9bc", "model": "thumbnail.kvstore", "fields": {"value": "{\"storage\": \"django.core.files.storage.FileSystemStorage\", \"name\": \"images/userphoto/tumblr_m6ebzoMNBS1qfb46yo1_500.jpg\", \"size\": [500, 338]}"}}, {"pk": "sorl-thumbnail||image||d69ed7b255d407de3b44be0e7be86753", "model": "thumbnail.kvstore", "fields": {"value": "{\"storage\": \"django.core.files.storage.FileSystemStorage\", \"name\": \"images/items/Monna-Lisa-leonardo-da-vinci.jpg\", \"size\": [743, 1155]}"}}, {"pk": "sorl-thumbnail||image||d6c4835b9f94a95c47f29589a1b2eff8", "model": "thumbnail.kvstore", "fields": {"value": "{\"storage\": \"django.core.files.storage.FileSystemStorage\", \"name\": \"cache/80/74/80740d947149181a10bacc38ad5ea31f.png\", \"size\": [150, 100]}"}}, {"pk": "sorl-thumbnail||image||d6df95e3653a1b31f6a5e3f502191d0c", "model": "thumbnail.kvstore", "fields": {"value": "{\"storage\": \"django.core.files.storage.FileSystemStorage\", \"name\": \"cache/f2/36/f2360256d454a7f9fa3df67685da1274.png\", \"size\": [470, 470]}"}}, {"pk": "sorl-thumbnail||image||df5056c1dcc4d4b844313c64f7efcaf6", "model": "thumbnail.kvstore", "fields": {"value": "{\"storage\": \"django.core.files.storage.FileSystemStorage\", \"name\": \"cache/85/9b/859b7cd5a990e979f9a3339557a40962.png\", \"size\": [238, 300]}"}}, {"pk": "sorl-thumbnail||image||dff185fbe9b9228277c6f20df5ab4c7d", "model": "thumbnail.kvstore", "fields": {"value": "{\"storage\": \"django.core.files.storage.FileSystemStorage\", \"name\": \"images/exhibit/Senza_titolo-1.png\", \"size\": [321, 80]}"}}, {"pk": "sorl-thumbnail||image||e48fddb59d011102b681b149703fa63a", "model": "thumbnail.kvstore", "fields": {"value": "{\"storage\": \"django.core.files.storage.FileSystemStorage\", \"name\": \"cache/46/40/4640c5ef4421fa29288ade950204fa96.png\", \"size\": [101, 150]}"}}, {"pk": "sorl-thumbnail||image||e58449df34f0bfe7a77bc4d2e036ec03", "model": "thumbnail.kvstore", "fields": {"value": "{\"storage\": \"django.core.files.storage.FileSystemStorage\", \"name\": \"cache/59/8c/598ceb820f678157ea5c1f482d456545.png\", \"size\": [382, 470]}"}}, {"pk": "sorl-thumbnail||image||e63de9103696edf33e230df83208a05e", "model": "thumbnail.kvstore", "fields": {"value": "{\"storage\": \"django.core.files.storage.FileSystemStorage\", \"name\": \"cache/a3/88/a3884c56a54c0189c48ef461a6c12460.png\", \"size\": [56, 80]}"}}, {"pk": "sorl-thumbnail||image||e7aea43614097606a21f63ed6df96d74", "model": "thumbnail.kvstore", "fields": {"value": "{\"storage\": \"django.core.files.storage.FileSystemStorage\", \"name\": \"cache/22/2b/222be90d0462ff83ffbb5a534fd3dbae.png\", \"size\": [51, 79]}"}}, {"pk": "sorl-thumbnail||image||e92cc2f93421bb9ba860db8eaa92a7fe", "model": "thumbnail.kvstore", "fields": {"value": "{\"storage\": \"django.core.files.storage.FileSystemStorage\", \"name\": \"images/userphoto/ccc36520232a99e41b95db3080495075f10e32b9.jpeg\", \"size\": [640, 480]}"}}, {"pk": "sorl-thumbnail||image||ed44db069fe9b397effff01f8fe379e8", "model": "thumbnail.kvstore", "fields": {"value": "{\"storage\": \"django.core.files.storage.FileSystemStorage\", \"name\": \"cache/aa/0c/aa0cbf004e3895f49b344f4fed0b2572.png\", \"size\": [317, 400]}"}}, {"pk": "sorl-thumbnail||image||edb9d287c2f30f227ca2c53fded4d719", "model": "thumbnail.kvstore", "fields": {"value": "{\"storage\": \"django.core.files.storage.FileSystemStorage\", \"name\": \"images/userphoto/c29a974ab84bdfa1695d8fb4edfce240005cb155.jpeg\", \"size\": [640, 480]}"}}, {"pk": "sorl-thumbnail||image||f10c49f202b05d06996ac6e26203b5f7", "model": "thumbnail.kvstore", "fields": {"value": "{\"storage\": \"django.core.files.storage.FileSystemStorage\", \"name\": \"cache/38/43/3843bf6397992c7077f91926d011d43f.png\", \"size\": [350, 237]}"}}, {"pk": "sorl-thumbnail||image||f2360844a950d1fabbbf3b73e5974972", "model": "thumbnail.kvstore", "fields": {"value": "{\"storage\": \"django.core.files.storage.FileSystemStorage\", \"name\": \"cache/4e/63/4e63d5a3c130b191c87d8aa81cd8dc3f.png\", \"size\": [300, 163]}"}}, {"pk": "sorl-thumbnail||image||f35997ed3df3b92a86fbc7c156100322", "model": "thumbnail.kvstore", "fields": {"value": "{\"storage\": \"django.core.files.storage.FileSystemStorage\", \"name\": \"images/items/image.jpeg\", \"size\": [1024, 768]}"}}, {"pk": "sorl-thumbnail||image||f56ef5059a22a7a3300ebb2efeb7c796", "model": "thumbnail.kvstore", "fields": {"value": "{\"storage\": \"django.core.files.storage.FileSystemStorage\", \"name\": \"cache/5f/ba/5fbad5f3158185d69939a56e0e7f7a21.png\", \"size\": [285, 350]}"}}, {"pk": "sorl-thumbnail||image||f69fb76bc2d216426f6470e365e7ad7f", "model": "thumbnail.kvstore", "fields": {"value": "{\"storage\": \"django.core.files.storage.FileSystemStorage\", \"name\": \"cache/ff/42/ff42ad6903f09b0af2e355e192a26a14.png\", \"size\": [107, 80]}"}}, {"pk": "sorl-thumbnail||image||f772252fddb35d8b68d1aebd73b19cc6", "model": "thumbnail.kvstore", "fields": {"value": "{\"storage\": \"django.core.files.storage.FileSystemStorage\", \"name\": \"cache/e3/89/e3898668140ee2d87c1b6c8bec8dbfde.png\", \"size\": [300, 188]}"}}, {"pk": "sorl-thumbnail||image||f850bd77e68975f372d2f6728404f5eb", "model": "thumbnail.kvstore", "fields": {"value": "{\"storage\": \"django.core.files.storage.FileSystemStorage\", \"name\": \"cache/74/d6/74d6a1a096fc38c8a0c2f236bdcf910e.png\", \"size\": [350, 234]}"}}, {"pk": "sorl-thumbnail||image||fa440e79c2b18dfd8abc110266d7efef", "model": "thumbnail.kvstore", "fields": {"value": "{\"storage\": \"django.core.files.storage.FileSystemStorage\", \"name\": \"cache/0b/16/0b165a8427fc4d16f0a6802b674759c3.png\", \"size\": [300, 225]}"}}, {"pk": "sorl-thumbnail||image||faeb98fcf830cb57dcc97fe13c083435", "model": "thumbnail.kvstore", "fields": {"value": "{\"storage\": \"django.core.files.storage.FileSystemStorage\", \"name\": \"cache/d2/47/d247a81d945d466dc7cd000e4dd5fe56.png\", \"size\": [300, 200]}"}}, {"pk": "sorl-thumbnail||image||fb07e28716376c9d0e94d8ae31763d37", "model": "thumbnail.kvstore", "fields": {"value": "{\"storage\": \"django.core.files.storage.FileSystemStorage\", \"name\": \"cache/27/1b/271b71eb783a51866d8888f71201c4f6.png\", \"size\": [350, 263]}"}}, {"pk": "sorl-thumbnail||image||ff5ef1e6435a6f631867b7ed644c7060", "model": "thumbnail.kvstore", "fields": {"value": "{\"storage\": \"django.core.files.storage.FileSystemStorage\", \"name\": \"cache/15/24/1524c55fc28472b1baed1db4a34cd740.png\", \"size\": [300, 247]}"}}, {"pk": "sorl-thumbnail||thumbnails||0ca1086ed000c15da76682a5b43aad71", "model": "thumbnail.kvstore", "fields": {"value": "[\"3dfc783cc80cad889795f01a4bd01bac\", \"016c9732619c443176143916f4d4474c\"]"}}, {"pk": "sorl-thumbnail||thumbnails||0ea12a4aace5d9876ab36a6618d7e355", "model": "thumbnail.kvstore", "fields": {"value": "[\"d138696bb50ac5dda7676b25da5fc89a\", \"080cab527f78efd46279be5e76a8556f\"]"}}, {"pk": "sorl-thumbnail||thumbnails||10b14243bc03eab0fd8ddaad46d87931", "model": "thumbnail.kvstore", "fields": {"value": "[\"faeb98fcf830cb57dcc97fe13c083435\", \"d6c4835b9f94a95c47f29589a1b2eff8\"]"}}, {"pk": "sorl-thumbnail||thumbnails||10d180d55d3279a912163bc292db4bc0", "model": "thumbnail.kvstore", "fields": {"value": "[\"5055b233187586d75432eaec90ff71ae\", \"8e40a53630648f05c71ed50891c17873\", \"23087bf109509cca959851b61ab811eb\"]"}}, {"pk": "sorl-thumbnail||thumbnails||14b68534f6e6b6a7b5f8cf65bea42328", "model": "thumbnail.kvstore", "fields": {"value": "[\"41a8cc3a12eb4e418947e22f9e6da58e\", \"e63de9103696edf33e230df83208a05e\", \"39135d55d45a32ac117dd81c1c75c36f\"]"}}, {"pk": "sorl-thumbnail||thumbnails||164c1b53edefae752882507d4e630974", "model": "thumbnail.kvstore", "fields": {"value": "[\"f772252fddb35d8b68d1aebd73b19cc6\", \"8404efa1c9749d516becf12d8b323a62\"]"}}, {"pk": "sorl-thumbnail||thumbnails||183345a27f2e493be2d7239663fdbf4b", "model": "thumbnail.kvstore", "fields": {"value": "[\"d3cc8ee6c6100ec067c15f90fe04227d\", \"d0c129a7351065633721225a5ae05b44\", \"00365b760d100f36b43af05345a9e9d8\"]"}}, {"pk": "sorl-thumbnail||thumbnails||2bf85632272c6c8e7585a2767f3e13b8", "model": "thumbnail.kvstore", "fields": {"value": "[\"b975e54da8f54934b36fecfa0006e81a\", \"f850bd77e68975f372d2f6728404f5eb\", \"20552ad413693ff6abdbea093d4e5004\"]"}}, {"pk": "sorl-thumbnail||thumbnails||428ddfce4ee3f3c139b3f90f6140670d", "model": "thumbnail.kvstore", "fields": {"value": "[\"5bb6d2b3f61c17eaa2633154f53e3c2a\", \"ed44db069fe9b397effff01f8fe379e8\", \"df5056c1dcc4d4b844313c64f7efcaf6\"]"}}, {"pk": "sorl-thumbnail||thumbnails||5266b1923ea2bb9d4fa3cd3d6ff8c6c1", "model": "thumbnail.kvstore", "fields": {"value": "[\"4de3ee4471cff412ae0a2f1b77318f49\", \"c63d05388e230be86c9b6df3b16dc6ac\"]"}}, {"pk": "sorl-thumbnail||thumbnails||5c323c5568c2a09261e63d5847ec2dbe", "model": "thumbnail.kvstore", "fields": {"value": "[\"c9cbecc06ef2d8ed696d69023f266084\", \"e48fddb59d011102b681b149703fa63a\", \"d01edaa0f4d131f157525a469e14458b\"]"}}, {"pk": "sorl-thumbnail||thumbnails||64f3d00f92ce8022eea3d283bd1f4783", "model": "thumbnail.kvstore", "fields": {"value": "[\"213950e9d78da304c73528781e4e4b0d\", \"a027ef128387ed69f099abd29dfb96ee\"]"}}, {"pk": "sorl-thumbnail||thumbnails||7d2fe307fbe2238f4f2658cb721e2307", "model": "thumbnail.kvstore", "fields": {"value": "[\"4cc3889a5b37e30d8e75d06b1d4244cd\", \"72c530d6662b9bde7cec6c28a9d08f1c\"]"}}, {"pk": "sorl-thumbnail||thumbnails||86c019780ded852fae0f4854fc629f4d", "model": "thumbnail.kvstore", "fields": {"value": "[\"3376ca81d12f7075c85d617dd5af5e7d\", \"fb07e28716376c9d0e94d8ae31763d37\", \"a137d0c12aab276fc9e2de4fa6cb8bed\"]"}}, {"pk": "sorl-thumbnail||thumbnails||8c96df31d71a9d063ed4f1e5eecff988", "model": "thumbnail.kvstore", "fields": {"value": "[\"175fd9c6f99e87d26bdea26249306f77\", \"6bb28b35857b520804b22f5685b45525\", \"9e427fcccecacc1479cbd40bfe31d6cb\"]"}}, {"pk": "sorl-thumbnail||thumbnails||8cd09c2b433aa0a8e42f7d821bdfe956", "model": "thumbnail.kvstore", "fields": {"value": "[\"d02f5f2c7b73480f8f759bbf79a16e58\", \"27f29b5bfb9926c9aa0f15c0d253b7ff\", \"2bcb21747a6bbac03a16f396839e4e27\"]"}}, {"pk": "sorl-thumbnail||thumbnails||99686031e5903819647cdeb35dce1284", "model": "thumbnail.kvstore", "fields": {"value": "[\"af7e7fc873824822c203a86462b7d99e\", \"01f509460d671366593d30a40100a0f8\"]"}}, {"pk": "sorl-thumbnail||thumbnails||a2ce39fda5b9fb64c3abbae666244d56", "model": "thumbnail.kvstore", "fields": {"value": "[\"d456530021e6b9ca95981ad9e2080eff\"]"}}, {"pk": "sorl-thumbnail||thumbnails||a4b1107d035f27ec0fa9cc66b952a329", "model": "thumbnail.kvstore", "fields": {"value": "[\"f56ef5059a22a7a3300ebb2efeb7c796\", \"e58449df34f0bfe7a77bc4d2e036ec03\"]"}}, {"pk": "sorl-thumbnail||thumbnails||a7fc9eb848b95e6dfad0aefdf7fb5f26", "model": "thumbnail.kvstore", "fields": {"value": "[\"ff5ef1e6435a6f631867b7ed644c7060\", \"9536a5827da594eaf72b892f51fc0524\"]"}}, {"pk": "sorl-thumbnail||thumbnails||ad1c824ec2a99fc7397e007499db3a74", "model": "thumbnail.kvstore", "fields": {"value": "[\"47e4dac23a671f3f784ce118057904be\", \"f2360844a950d1fabbbf3b73e5974972\"]"}}, {"pk": "sorl-thumbnail||thumbnails||b1f122d55bcff7cef0152ee4771b713a", "model": "thumbnail.kvstore", "fields": {"value": "[\"d6df95e3653a1b31f6a5e3f502191d0c\"]"}}, {"pk": "sorl-thumbnail||thumbnails||ba938ab8bc32b42c179c462faa013fac", "model": "thumbnail.kvstore", "fields": {"value": "[\"2ad6db21f85ecdb39abcb632fdc05f4d\"]"}}, {"pk": "sorl-thumbnail||thumbnails||c9bf033dc608c19dd5c193294cf39f8a", "model": "thumbnail.kvstore", "fields": {"value": "[\"971edeb8b79042798ebfa0a5de2a0d19\", \"30590f6da5db591d8bcd5258fa69454e\"]"}}, {"pk": "sorl-thumbnail||thumbnails||d288f73ba12d5525da4a8c2784bcf2b8", "model": "thumbnail.kvstore", "fields": {"value": "[\"60b8a83a78891d39d18d67aac117c52d\", \"3bb660c83688b755f7288482ae4df574\", \"cd3d348f8bba26e9a9c93a28c8dee27b\"]"}}, {"pk": "sorl-thumbnail||thumbnails||d52f4a6adf186a26130258db9c0fc9bc", "model": "thumbnail.kvstore", "fields": {"value": "[\"504ea952131a08929cd9a70c0c012b0f\", \"ac5091264ffad61725b63e452c9c6c77\", \"f10c49f202b05d06996ac6e26203b5f7\"]"}}, {"pk": "sorl-thumbnail||thumbnails||d69ed7b255d407de3b44be0e7be86753", "model": "thumbnail.kvstore", "fields": {"value": "[\"bf23d16af0f047fc8f1dfdc356f84182\", \"e7aea43614097606a21f63ed6df96d74\", \"989af25b29bb570b317bc85d7a39a488\", \"a3c977b8f4800ded04b56cb27748b052\"]"}}, {"pk": "sorl-thumbnail||thumbnails||dff185fbe9b9228277c6f20df5ab4c7d", "model": "thumbnail.kvstore", "fields": {"value": "[\"507ba5abd5e0f0e864efc5af9912f78f\", \"8a1c33605be792504458c57372af10f3\", \"6091c09359bbaf3907d030ab4b526949\"]"}}, {"pk": "sorl-thumbnail||thumbnails||e92cc2f93421bb9ba860db8eaa92a7fe", "model": "thumbnail.kvstore", "fields": {"value": "[\"fa440e79c2b18dfd8abc110266d7efef\", \"23489521954491e43eb3142d210b92f9\", \"10d23fb0111d6d86c3cd838453fdd2fb\"]"}}, {"pk": "sorl-thumbnail||thumbnails||edb9d287c2f30f227ca2c53fded4d719", "model": "thumbnail.kvstore", "fields": {"value": "[\"35212e1013086ab7ead1508d7ce6e01b\", \"34113b3674c8bb0266bd3af28e2f1a06\"]"}}, {"pk": "sorl-thumbnail||thumbnails||f35997ed3df3b92a86fbc7c156100322", "model": "thumbnail.kvstore", "fields": {"value": "[\"07290c133a43072397c9021602463d37\", \"b652c73a6fff6c8d635bfd2cb7ea7c6a\", \"f69fb76bc2d216426f6470e365e7ad7f\"]"}}, {"pk": 1, "model": "basetyzer.item", "fields": {"exhibit": [1], "description": "The Mona Lisa (La Gioconda or La Joconde) is a half-length portrait of a woman by the Italian artist Leonardo da Vinci, which has been acclaimed as \"the best known, the most visited, the most written about, the most sung about, the most parodied work of art in the world.\"", "author": "Leonardo da Vinci", "photo": "images/items/Monna-Lisa-leonardo-da-vinci.jpg", "release_date": "1519-01-01", "title": "Mona Lisa", "tag": "356a192b7913b04c54574d18c28d46e6395428ab"}}, {"pk": 2, "model": "basetyzer.item", "fields": {"exhibit": [1], "description": "The Scream (Norwegian: Skrik) is the popular name given to each of four versions of a composition, created as both paintings and pastels, by the Expressionist artist Edvard Munch between 1893 and 1910. Der Schrei der Natur (The Scream of Nature) is the title Munch gave to these works, all of which show a figure with an agonized expression against a landscape with a tumultuous orange sky. Arthur Lubow has described The Scream as \"an icon of modern art, a Mona Lisa for our time.\"[", "author": "Edvard Munch", "photo": "images/items/scream-16_6155.jpg", "release_date": "1983-01-01", "title": "The Scream", "tag": "da4b9237bacccdf19c0760cab7aec4a8359010b0"}}, {"pk": 3, "model": "basetyzer.item", "fields": {"exhibit": [1], "description": "The Kiss (In German: Der Kuss) was painted by the Austrian Symbolist painter Gustav Klimt between 1907 and 1908, the highpoint of his \"Golden Period\", when he painted a number of works in a similar gilded style. A perfect square, the canvas depicts a couple embracing, their bodies entwined in elaborate robes decorated in a style influenced by both linear constructs of the contemporary Art Nouveau style and the organic forms of the earlier Arts and Crafts movement.", "author": "Gustav Klimt", "photo": "images/items/kiss.jpeg", "release_date": "1908-01-01", "title": "The Kiss", "tag": "77de68daecd823babbb58edb1c8e14d7106e83bb"}}, {"pk": 4, "model": "basetyzer.item", "fields": {"exhibit": [1], "description": "The Birth of Venus (Italian: Nascita di Venere) is a 1486 painting by Sandro Botticelli. Botticelli was commissioned to paint the work by the Medici family of Florence, specifically Lorenzo di Pierfrancesco de' Medici under the influence of his cousin Lorenzo de' Medici, close friend to Botticelli . It depicts the goddess Venus, having emerged from the sea as a fully grown woman, arriving at the sea-shore (which is related to the Venus Anadyomene motif).The painting is on display at the Uffizi Gallery in Florence, Italy.", "author": "Sandro Botticelli", "photo": "images/items/the-birth-of-venus-14851.jpg", "release_date": "1486-01-01", "title": "Birth of Venus", "tag": "1b6453892473a467d07372d45eb05abc2031647a"}}, {"pk": 5, "model": "basetyzer.item", "fields": {"exhibit": [1], "description": "Water Lilies (or Nymph\u00e9as, pronounced: [n\u025b\u0303.fe.a]) is a series of approximately 250 oil paintings by French Impressionist Claude Monet (1840\u20131926). The paintings depict Monet's flower garden at Giverny and were the main focus of Monet's artistic production during the last thirty years of his life. Many of the works were painted while Monet suffered from cataracts.", "author": "Claude Monet", "photo": "images/items/Claude_Monet_-_Wisteria_-_Google_Art_Project.jpg", "release_date": "1840-01-01", "title": "Water Lilies", "tag": "ac3478d69a3c81fa62e60f5c3696165a4e5e6ac4"}}, {"pk": 6, "model": "basetyzer.item", "fields": {"exhibit": [1], "description": "The Night Watch or The Shooting Company of Frans Banning Cocq (Dutch: De Nachtwacht) is the common name of one of the most famous works by Dutch painter Rembrandt van Rijn.\r\nThe painting may be more properly titled The Company of captain Frans Banning Cocq and lieutenant Willem van Ruytenburch preparing to march out. It is prominently displayed in the Rijksmuseum, Amsterdam, the Netherlands, as the best known painting in its collection. The Night Watch is one of the most famous paintings in the world.", "author": "Rembrandt", "photo": "images/items/The_Nightwatch_by_Rembrandt.jpg", "release_date": "1642-01-01", "title": "The Night Watch", "tag": "c1dfd96eea8cc2b62785275bca38ac261256e278"}}, {"pk": 7, "model": "basetyzer.item", "fields": {"exhibit": [1], "description": "The painting Girl with a Pearl Earring (Dutch: Het Meisje met de Parel) is one of Dutch painter Johannes Vermeer's masterworks and, as the name implies, uses a pearl earring for a focal point. Today the painting is kept in the Mauritshuis gallery in The Hague. It is sometimes referred to as \"the Mona Lisa of the North\" or \"the Dutch Mona Lisa\".", "author": "Johannes Vermeer", "photo": "images/items/Johannes_Vermeer_1632-1675_-_The_Girl_With_The_Pearl_Earring_1665_1.jpg", "release_date": "1665-01-01", "title": "Girl with a Pearl Earring", "tag": "902ba3cda1883801594b6e1b452790cc53948fda"}}, {"pk": 8, "model": "basetyzer.item", "fields": {"exhibit": [1], "description": "Guernica is a painting by Pablo Picasso. It was created in response to the bombing of Guernica, a Basque Country village in northern Spain by German and Italian warplanes at the behest of the Spanish Nationalist forces, on 26 April 1937, during the Spanish Civil War. The Spanish Republican government commissioned Picasso to create a large mural for the Spanish display at the Exposition Internationale des Arts et Techniques dans la Vie Moderne at the 1937 World's Fair in Paris.", "author": "Pablo Picasso", "photo": "images/items/guernica.jpg", "release_date": "1937-01-01", "title": "Guernica", "tag": "fe5dbbcea5ce7e2988b8c69bcfdfde8904aabc1f"}}, {"pk": 9, "model": "basetyzer.item", "fields": {"exhibit": [1], "description": "The Creation of Adam is arguably the most famous section of Michelangelo's fresco Sistine Chapel ceiling painted circa 1511\u20131512. It is traditionally thought to illustrate the Biblical creation narrative from the Book of Genesis in which God breathes life into Adam, the first man. Chronologically the fourth in the series of panels depicting episodes from Genesis on the Sistine ceiling, it was among the last to be completed. It is the most well-known of the Sistine Chapel fresco panels, and its fame as a piece of art is rivaled only by the Mona Lisa by Leonardo da Vinci.", "author": "Michelangelo", "photo": "images/items/11409306-the-creation-of-adam.jpg", "release_date": "1512-01-01", "title": "The Creation of Adam", "tag": "0ade7c2cf97f75d009975f4d720d1fa6c19f4897"}}, {"pk": 10, "model": "basetyzer.item", "fields": {"exhibit": [1], "description": "The Last Supper (Italian: Il Cenacolo or L'Ultima Cena) is a late 15th century mural painting by Leonardo da Vinci in the refectory of the Convent of Santa Maria della Grazie, Milan. The work is presumed to have been commenced around 1495 and was commissioned as part of a scheme of renovations to the church and its convent buildings by Leonardo's patron Ludovico Sforza, Duke of Milan. The painting represents the scene of The Last Supper of Jesus with his disciples, as it is told in the Gospel of John, 13:21. Leonardo has depicted the consternation that occurred among the Twelve Disciples when Jesus announced that one of them would betray him.", "author": "Leonardo da Vinci", "photo": "images/items/last_supper.jpeg", "release_date": "1498-01-01", "title": "The Last Supper", "tag": "b1d5781111d84f7b3fe45a0852e59758cd7a87e5"}}, {"pk": 11, "model": "basetyzer.item", "fields": {"exhibit": [1], "description": "The Starry Night (Dutch: De sterrennacht) is a painting by the Dutch post-impressionist artist Vincent van Gogh. The painting depicts the view outside his sanitarium room window at Saint-R\u00e9my-de-Provence (located in southern France) at night, although it was painted from memory during the day. It has been in the permanent collection of the Museum of Modern Art in New York City, part of the Lillie P. Bliss Bequest, since 1941. The painting is among Van Gogh's most well known works.", "author": "Vincent van Gogh", "photo": "images/items/gogh.starry-night.jpg", "release_date": "1889-01-01", "title": "Starry Night", "tag": "17ba0791499db908433b80f37c5fbc89b870084b"}}, {"pk": 1, "model": "basetyzer.comment", "fields": {"content": "tamarr0"}}, {"pk": 2, "model": "basetyzer.comment", "fields": {"content": "TrolololoL"}}, {"pk": 3, "model": "basetyzer.comment", "fields": {"content": "Margery Tyrell"}}, {"pk": 4, "model": "basetyzer.comment", "fields": {"content": ""}}, {"pk": 5, "model": "basetyzer.comment", "fields": {"content": ""}}, {"pk": 6, "model": "basetyzer.comment", "fields": {"content": ""}}, {"pk": 7, "model": "basetyzer.comment", "fields": {"content": ""}}, {"pk": 8, "model": "basetyzer.comment", "fields": {"content": "ellejibo"}}, {"pk": 9, "model": "basetyzer.comment", "fields": {"content": "questa esperienza \u00e8 fantastica :) da ripetere"}}, {"pk": 10, "model": "basetyzer.comment", "fields": {"content": "aTeam group"}}, {"pk": 11, "model": "basetyzer.comment", "fields": {"content": "qual \u00e8 l'originale?"}}, {"pk": 12, "model": "basetyzer.comment", "fields": {"content": "mirko o andrea? chi vince?"}}, {"pk": 13, "model": "basetyzer.comment", "fields": {"content": "the doctor and the tardis"}}, {"pk": 1, "model": "basetyzer.photo", "fields": {"content": "images/userphoto/tumblr_mguyu676zh1s0a4soo1_1280.jpg"}}, {"pk": 2, "model": "basetyzer.photo", "fields": {"content": "images/userphoto/tumblr_m6ebzoMNBS1qfb46yo1_500.jpg"}}, {"pk": 3, "model": "basetyzer.photo", "fields": {"content": "images/userphoto/tenth_doctor_who-wallpaper_2_by_glarbinator.jpg"}}, {"pk": 4, "model": "basetyzer.photo", "fields": {"content": "images/userphoto/Margaery_Tyrell_Valar_Dress_1.png"}}, {"pk": 5, "model": "basetyzer.photo", "fields": {"content": "images/userphoto/tenth_doctor_who-wallpaper_2_by_glarbinator_1.jpg"}}, {"pk": 6, "model": "basetyzer.photo", "fields": {"content": "images/userphoto/ac3b6ad9c70d4c58d27f58c7ffbaab93b9602ec0.jpeg"}}, {"pk": 7, "model": "basetyzer.photo", "fields": {"content": "images/userphoto/ccc36520232a99e41b95db3080495075f10e32b9.jpeg"}}, {"pk": 8, "model": "basetyzer.photo", "fields": {"content": "images/userphoto/c29a974ab84bdfa1695d8fb4edfce240005cb155.jpeg"}}, {"pk": 9, "model": "basetyzer.photo", "fields": {"content": "images/userphoto/fcaf5a50c09dbfe1acc21ccb3cd92c6f0186b607.jpeg"}}, {"pk": 10, "model": "basetyzer.photo", "fields": {"content": "images/userphoto/Wallpaper-doctor-who-12496215-1440-900.jpg"}}, {"pk": 1, "model": "basetyzer.scan", "fields": {"content": 11}}, {"pk": 2, "model": "basetyzer.scan", "fields": {"content": 7}}, {"pk": 3, "model": "basetyzer.scan", "fields": {"content": 1}}, {"pk": 4, "model": "basetyzer.scan", "fields": {"content": 2}}, {"pk": 5, "model": "basetyzer.scan", "fields": {"content": 3}}, {"pk": 1, "model": "basetyzer.action", "fields": {"comment": 1, "photo": 1, "date_performed": "2013-05-14T18:14:29", "experience": 2, "scan": 1}}, {"pk": 2, "model": "basetyzer.action", "fields": {"comment": 2, "photo": null, "date_performed": "2013-05-14T18:15:01", "experience": 1, "scan": null}}, {"pk": 3, "model": "basetyzer.action", "fields": {"comment": null, "photo": null, "date_performed": "2013-05-14T18:15:33", "experience": 1, "scan": 2}}, {"pk": 4, "model": "basetyzer.action", "fields": {"comment": 1, "photo": null, "date_performed": "2013-05-16T08:00:00", "experience": 1, "scan": 2}}, {"pk": 5, "model": "basetyzer.action", "fields": {"comment": 2, "photo": 2, "date_performed": "2013-05-16T13:00:00", "experience": 2, "scan": 2}}, {"pk": 7, "model": "basetyzer.action", "fields": {"comment": 3, "photo": 4, "date_performed": "2013-05-15T08:46:00", "experience": 2, "scan": null}}, {"pk": 8, "model": "basetyzer.action", "fields": {"comment": 8, "photo": 5, "date_performed": "2013-05-17T15:41:00", "experience": 2, "scan": null}}, {"pk": 10, "model": "basetyzer.action", "fields": {"comment": 10, "photo": 6, "date_performed": "2013-05-20T09:44:37", "experience": 3, "scan": null}}, {"pk": 11, "model": "basetyzer.action", "fields": {"comment": 11, "photo": 7, "date_performed": "2013-05-20T09:45:45", "experience": 3, "scan": 3}}, {"pk": 12, "model": "basetyzer.action", "fields": {"comment": 12, "photo": 8, "date_performed": "2013-05-20T09:46:55", "experience": 3, "scan": 4}}, {"pk": 13, "model": "basetyzer.action", "fields": {"comment": null, "photo": null, "date_performed": "2013-05-20T09:50:26", "experience": 4, "scan": null}}, {"pk": 14, "model": "basetyzer.action", "fields": {"comment": null, "photo": 9, "date_performed": "2013-05-20T09:50:54", "experience": 4, "scan": null}}, {"pk": 15, "model": "basetyzer.action", "fields": {"comment": null, "photo": null, "date_performed": "2013-05-20T09:51:10", "experience": 4, "scan": 5}}, {"pk": 16, "model": "basetyzer.action", "fields": {"comment": 13, "photo": 10, "date_performed": "2013-05-21T09:03:00", "experience": 3, "scan": null}}, {"pk": 1, "model": "basetyzer.superqrcode", "fields": {"text": "029f5de78ec79cbeed1dfdbb4dbde6e4d20c96f5", "last_edit": "2013-05-20T08:54:36.542"}}, {"pk": 1, "model": "auth.permission", "fields": {"codename": "add_permission", "name": "Can add permission", "content_type": 1}}, {"pk": 2, "model": "auth.permission", "fields": {"codename": "change_permission", "name": "Can change permission", "content_type": 1}}, {"pk": 3, "model": "auth.permission", "fields": {"codename": "delete_permission", "name": "Can delete permission", "content_type": 1}}, {"pk": 4, "model": "auth.permission", "fields": {"codename": "add_group", "name": "Can add group", "content_type": 2}}, {"pk": 5, "model": "auth.permission", "fields": {"codename": "change_group", "name": "Can change group", "content_type": 2}}, {"pk": 6, "model": "auth.permission", "fields": {"codename": "delete_group", "name": "Can delete group", "content_type": 2}}, {"pk": 7, "model": "auth.permission", "fields": {"codename": "add_user", "name": "Can add user", "content_type": 3}}, {"pk": 8, "model": "auth.permission", "fields": {"codename": "change_user", "name": "Can change user", "content_type": 3}}, {"pk": 9, "model": "auth.permission", "fields": {"codename": "delete_user", "name": "Can delete user", "content_type": 3}}, {"pk": 10, "model": "auth.permission", "fields": {"codename": "add_contenttype", "name": "Can add content type", "content_type": 4}}, {"pk": 11, "model": "auth.permission", "fields": {"codename": "change_contenttype", "name": "Can change content type", "content_type": 4}}, {"pk": 12, "model": "auth.permission", "fields": {"codename": "delete_contenttype", "name": "Can delete content type", "content_type": 4}}, {"pk": 13, "model": "auth.permission", "fields": {"codename": "add_session", "name": "Can add session", "content_type": 5}}, {"pk": 14, "model": "auth.permission", "fields": {"codename": "change_session", "name": "Can change session", "content_type": 5}}, {"pk": 15, "model": "auth.permission", "fields": {"codename": "delete_session", "name": "Can delete session", "content_type": 5}}, {"pk": 16, "model": "auth.permission", "fields": {"codename": "add_site", "name": "Can add site", "content_type": 6}}, {"pk": 17, "model": "auth.permission", "fields": {"codename": "change_site", "name": "Can change site", "content_type": 6}}, {"pk": 18, "model": "auth.permission", "fields": {"codename": "delete_site", "name": "Can delete site", "content_type": 6}}, {"pk": 19, "model": "auth.permission", "fields": {"codename": "add_logentry", "name": "Can add log entry", "content_type": 7}}, {"pk": 20, "model": "auth.permission", "fields": {"codename": "change_logentry", "name": "Can change log entry", "content_type": 7}}, {"pk": 21, "model": "auth.permission", "fields": {"codename": "delete_logentry", "name": "Can delete log entry", "content_type": 7}}, {"pk": 22, "model": "auth.permission", "fields": {"codename": "add_migrationhistory", "name": "Can add migration history", "content_type": 8}}, {"pk": 23, "model": "auth.permission", "fields": {"codename": "change_migrationhistory", "name": "Can change migration history", "content_type": 8}}, {"pk": 24, "model": "auth.permission", "fields": {"codename": "delete_migrationhistory", "name": "Can delete migration history", "content_type": 8}}, {"pk": 25, "model": "auth.permission", "fields": {"codename": "add_kvstore", "name": "Can add kv store", "content_type": 9}}, {"pk": 26, "model": "auth.permission", "fields": {"codename": "change_kvstore", "name": "Can change kv store", "content_type": 9}}, {"pk": 27, "model": "auth.permission", "fields": {"codename": "delete_kvstore", "name": "Can delete kv store", "content_type": 9}}, {"pk": 28, "model": "auth.permission", "fields": {"codename": "add_exhibit", "name": "Can add exhibit", "content_type": 10}}, {"pk": 29, "model": "auth.permission", "fields": {"codename": "change_exhibit", "name": "Can change exhibit", "content_type": 10}}, {"pk": 30, "model": "auth.permission", "fields": {"codename": "delete_exhibit", "name": "Can delete exhibit", "content_type": 10}}, {"pk": 31, "model": "auth.permission", "fields": {"codename": "add_item", "name": "Can add item", "content_type": 11}}, {"pk": 32, "model": "auth.permission", "fields": {"codename": "change_item", "name": "Can change item", "content_type": 11}}, {"pk": 33, "model": "auth.permission", "fields": {"codename": "delete_item", "name": "Can delete item", "content_type": 11}}, {"pk": 34, "model": "auth.permission", "fields": {"codename": "add_experience", "name": "Can add experience", "content_type": 12}}, {"pk": 35, "model": "auth.permission", "fields": {"codename": "change_experience", "name": "Can change experience", "content_type": 12}}, {"pk": 36, "model": "auth.permission", "fields": {"codename": "delete_experience", "name": "Can delete experience", "content_type": 12}}, {"pk": 37, "model": "auth.permission", "fields": {"codename": "add_comment", "name": "Can add comment", "content_type": 13}}, {"pk": 38, "model": "auth.permission", "fields": {"codename": "change_comment", "name": "Can change comment", "content_type": 13}}, {"pk": 39, "model": "auth.permission", "fields": {"codename": "delete_comment", "name": "Can delete comment", "content_type": 13}}, {"pk": 40, "model": "auth.permission", "fields": {"codename": "add_photo", "name": "Can add photo", "content_type": 14}}, {"pk": 41, "model": "auth.permission", "fields": {"codename": "change_photo", "name": "Can change photo", "content_type": 14}}, {"pk": 42, "model": "auth.permission", "fields": {"codename": "delete_photo", "name": "Can delete photo", "content_type": 14}}, {"pk": 43, "model": "auth.permission", "fields": {"codename": "add_scan", "name": "Can add scan", "content_type": 15}}, {"pk": 44, "model": "auth.permission", "fields": {"codename": "change_scan", "name": "Can change scan", "content_type": 15}}, {"pk": 45, "model": "auth.permission", "fields": {"codename": "delete_scan", "name": "Can delete scan", "content_type": 15}}, {"pk": 46, "model": "auth.permission", "fields": {"codename": "add_action", "name": "Can add action", "content_type": 16}}, {"pk": 47, "model": "auth.permission", "fields": {"codename": "change_action", "name": "Can change action", "content_type": 16}}, {"pk": 48, "model": "auth.permission", "fields": {"codename": "delete_action", "name": "Can delete action", "content_type": 16}}, {"pk": 49, "model": "auth.permission", "fields": {"codename": "add_superqrcode", "name": "Can add QRCode", "content_type": 17}}, {"pk": 50, "model": "auth.permission", "fields": {"codename": "change_superqrcode", "name": "Can change QRCode", "content_type": 17}}, {"pk": 51, "model": "auth.permission", "fields": {"codename": "delete_superqrcode", "name": "Can delete QRCode", "content_type": 17}}, {"pk": 1, "model": "auth.user", "fields": {"username": "admin", "first_name": "", "last_name": "", "is_active": true, "is_superuser": true, "is_staff": true, "last_login": "2013-05-21T08:40:25.796", "groups": [], "user_permissions": [], "password": "pbkdf2_sha256$10000$0XeiaHoY933h$uhOl3cqCz+I0Dg3gjFqr2b9Q4lGTYtt09eG8LsFcad0=", "email": "a@a.it", "date_joined": "2013-04-23T22:17:30.314"}}, {"pk": 2, "model": "auth.user", "fields": {"username": "coop.eater@alice.it", "first_name": "", "last_name": "", "is_active": true, "is_superuser": false, "is_staff": false, "last_login": "2013-05-16T12:00:41.666", "groups": [], "user_permissions": [], "password": "pbkdf2_sha256$10000$gvjNkVvlsalL$82xQF9gCrwGwOfqjmiUuvf4O+r9uQtit3XgI6SVsLhs=", "email": "coop.eater@alice.it", "date_joined": "2013-05-14T18:15:54"}}, {"pk": 3, "model": "auth.user", "fields": {"username": "nanotrippolo@gmail.com", "first_name": "", "last_name": "", "is_active": true, "is_superuser": false, "is_staff": false, "last_login": "2013-05-21T09:02:21.380", "groups": [], "user_permissions": [], "password": "pbkdf2_sha256$10000$YKekov0TviBd$Tba0Bv522bNtJK6RGGCXIoTIXbJXV77iqE9/lOCjbt8=", "email": "nanotrippolo@gmail.com", "date_joined": "2013-05-20T09:48:36.597"}}, {"pk": 4, "model": "auth.user", "fields": {"username": "a@a.it", "first_name": "", "last_name": "", "is_active": false, "is_superuser": false, "is_staff": false, "last_login": "2013-05-20T09:52:35.942", "groups": [], "user_permissions": [], "password": "!", "email": "a@a.it", "date_joined": "2013-05-20T09:52:35.942"}}, {"pk": 1, "model": "admin.logentry", "fields": {"action_flag": 1, "action_time": "2013-04-23T22:32:11.597", "object_repr": "aMuse: The First Exhibition", "object_id": "1", "change_message": "", "user": 1, "content_type": 10}}, {"pk": 2, "model": "admin.logentry", "fields": {"action_flag": 1, "action_time": "2013-04-23T22:36:16.864", "object_repr": "Mona Lisa", "object_id": "1", "change_message": "", "user": 1, "content_type": 11}}, {"pk": 3, "model": "admin.logentry", "fields": {"action_flag": 2, "action_time": "2013-04-23T22:36:28.390", "object_repr": "aMuse: The First Exhibition", "object_id": "1", "change_message": "Changed description.", "user": 1, "content_type": 10}}, {"pk": 4, "model": "admin.logentry", "fields": {"action_flag": 1, "action_time": "2013-04-23T22:37:26.271", "object_repr": "aMuse: The Second Exhibition", "object_id": "2", "change_message": "", "user": 1, "content_type": 10}}, {"pk": 5, "model": "admin.logentry", "fields": {"action_flag": 1, "action_time": "2013-04-23T22:39:37.450", "object_repr": "The Scream", "object_id": "2", "change_message": "", "user": 1, "content_type": 11}}, {"pk": 6, "model": "admin.logentry", "fields": {"action_flag": 1, "action_time": "2013-04-23T22:43:04.742", "object_repr": "The Kiss", "object_id": "3", "change_message": "", "user": 1, "content_type": 11}}, {"pk": 7, "model": "admin.logentry", "fields": {"action_flag": 1, "action_time": "2013-04-23T22:47:38.376", "object_repr": "Birth of Venus", "object_id": "4", "change_message": "", "user": 1, "content_type": 11}}, {"pk": 8, "model": "admin.logentry", "fields": {"action_flag": 1, "action_time": "2013-04-23T22:49:07.866", "object_repr": "Water Lilies", "object_id": "5", "change_message": "", "user": 1, "content_type": 11}}, {"pk": 9, "model": "admin.logentry", "fields": {"action_flag": 2, "action_time": "2013-04-23T22:49:53.831", "object_repr": "10 Famous Paintings of All Times", "object_id": "1", "change_message": "Changed name and description.", "user": 1, "content_type": 10}}, {"pk": 10, "model": "admin.logentry", "fields": {"action_flag": 2, "action_time": "2013-04-23T22:50:28.325", "object_repr": "aMuse: The Second Exhibition", "object_id": "2", "change_message": "Changed date_end.", "user": 1, "content_type": 10}}, {"pk": 11, "model": "admin.logentry", "fields": {"action_flag": 1, "action_time": "2013-04-23T22:51:50.648", "object_repr": "The Night Watch", "object_id": "6", "change_message": "", "user": 1, "content_type": 11}}, {"pk": 12, "model": "admin.logentry", "fields": {"action_flag": 1, "action_time": "2013-04-23T22:53:00.903", "object_repr": "Girl with a Pearl Earring", "object_id": "7", "change_message": "", "user": 1, "content_type": 11}}, {"pk": 13, "model": "admin.logentry", "fields": {"action_flag": 1, "action_time": "2013-04-23T22:55:04.482", "object_repr": "Guernica", "object_id": "8", "change_message": "", "user": 1, "content_type": 11}}, {"pk": 14, "model": "admin.logentry", "fields": {"action_flag": 1, "action_time": "2013-04-23T22:56:02.516", "object_repr": "The Creation of Adam", "object_id": "9", "change_message": "", "user": 1, "content_type": 11}}, {"pk": 15, "model": "admin.logentry", "fields": {"action_flag": 1, "action_time": "2013-04-23T22:56:45.604", "object_repr": "The Last Supper", "object_id": "10", "change_message": "", "user": 1, "content_type": 11}}, {"pk": 16, "model": "admin.logentry", "fields": {"action_flag": 1, "action_time": "2013-04-23T22:57:29.931", "object_repr": "Starry Night", "object_id": "11", "change_message": "", "user": 1, "content_type": 11}}, {"pk": 17, "model": "admin.logentry", "fields": {"action_flag": 2, "action_time": "2013-05-15T08:30:25.406", "object_repr": "coop.eater@alice.it", "object_id": "2", "change_message": "Changed password and is_active.", "user": 1, "content_type": 3}}, {"pk": 18, "model": "admin.logentry", "fields": {"action_flag": 1, "action_time": "2013-05-15T08:34:44.754", "object_repr": "coop.eater@alice.it - 2013-05-15 08:34:44", "object_id": "2", "change_message": "", "user": 1, "content_type": 12}}, {"pk": 19, "model": "admin.logentry", "fields": {"action_flag": 1, "action_time": "2013-05-15T08:39:26.807", "object_repr": "coop.eater@alice.it - 2013-05-14 18:15:54", "object_id": "4", "change_message": "", "user": 1, "content_type": 16}}, {"pk": 20, "model": "admin.logentry", "fields": {"action_flag": 2, "action_time": "2013-05-15T08:40:12.917", "object_repr": "coop.eater@alice.it - 2013-05-15 08:34:44", "object_id": "1", "change_message": "Changed experience.", "user": 1, "content_type": 16}}, {"pk": 21, "model": "admin.logentry", "fields": {"action_flag": 1, "action_time": "2013-05-15T08:40:42.854", "object_repr": "images/userphoto/tumblr_mguyu676zh1s0a4soo1_1280.jpg", "object_id": "1", "change_message": "", "user": 1, "content_type": 14}}, {"pk": 22, "model": "admin.logentry", "fields": {"action_flag": 2, "action_time": "2013-05-15T08:40:48.474", "object_repr": "coop.eater@alice.it - 2013-05-15 08:34:44", "object_id": "1", "change_message": "Changed photo.", "user": 1, "content_type": 16}}, {"pk": 23, "model": "admin.logentry", "fields": {"action_flag": 2, "action_time": "2013-05-15T08:41:29.318", "object_repr": "Mona Lisa", "object_id": "1", "change_message": "Changed photo.", "user": 1, "content_type": 11}}, {"pk": 24, "model": "admin.logentry", "fields": {"action_flag": 2, "action_time": "2013-05-15T08:42:14.788", "object_repr": "The Scream", "object_id": "2", "change_message": "Changed photo.", "user": 1, "content_type": 11}}, {"pk": 25, "model": "admin.logentry", "fields": {"action_flag": 2, "action_time": "2013-05-15T08:44:27.985", "object_repr": "Starry Night", "object_id": "11", "change_message": "Changed photo.", "user": 1, "content_type": 11}}, {"pk": 26, "model": "admin.logentry", "fields": {"action_flag": 1, "action_time": "2013-05-15T08:45:44.580", "object_repr": "images/userphoto/tumblr_m6ebzoMNBS1qfb46yo1_500.jpg", "object_id": "2", "change_message": "", "user": 1, "content_type": 14}}, {"pk": 27, "model": "admin.logentry", "fields": {"action_flag": 1, "action_time": "2013-05-15T08:45:48.292", "object_repr": "coop.eater@alice.it - 2013-05-15 08:34:44", "object_id": "5", "change_message": "", "user": 1, "content_type": 16}}, {"pk": 28, "model": "admin.logentry", "fields": {"action_flag": 1, "action_time": "2013-05-15T08:46:08.853", "object_repr": "images/userphoto/tenth_doctor_who-wallpaper_2_by_glarbinator.jpg", "object_id": "3", "change_message": "", "user": 1, "content_type": 14}}, {"pk": 29, "model": "admin.logentry", "fields": {"action_flag": 1, "action_time": "2013-05-15T08:46:12.963", "object_repr": "coop.eater@alice.it - 2013-05-15 08:34:44", "object_id": "6", "change_message": "", "user": 1, "content_type": 16}}, {"pk": 30, "model": "admin.logentry", "fields": {"action_flag": 2, "action_time": "2013-05-15T08:51:38.402", "object_repr": "Girl with a Pearl Earring", "object_id": "7", "change_message": "Changed photo.", "user": 1, "content_type": 11}}, {"pk": 31, "model": "admin.logentry", "fields": {"action_flag": 1, "action_time": "2013-05-15T16:44:41.571", "object_repr": "coop.eater@alice.it - 2013-05-15 08:34:44", "object_id": "8", "change_message": "", "user": 1, "content_type": 16}}, {"pk": 32, "model": "admin.logentry", "fields": {"action_flag": 2, "action_time": "2013-05-15T17:03:46.596", "object_repr": "coop.eater@alice.it - 2013-05-14 18:15:54", "object_id": "1", "change_message": "Changed public.", "user": 1, "content_type": 12}}, {"pk": 33, "model": "admin.logentry", "fields": {"action_flag": 2, "action_time": "2013-05-16T10:37:02.026", "object_repr": "coop.eater@alice.it - 2013-05-15 08:34:44", "object_id": "2", "change_message": "Changed public.", "user": 1, "content_type": 12}}, {"pk": 34, "model": "admin.logentry", "fields": {"action_flag": 2, "action_time": "2013-05-20T08:35:14.070", "object_repr": "Mona Lisa", "object_id": "1", "change_message": "Changed photo.", "user": 1, "content_type": 11}}, {"pk": 35, "model": "admin.logentry", "fields": {"action_flag": 2, "action_time": "2013-05-20T08:41:35.280", "object_repr": "The Scream", "object_id": "2", "change_message": "Changed photo.", "user": 1, "content_type": 11}}, {"pk": 36, "model": "admin.logentry", "fields": {"action_flag": 2, "action_time": "2013-05-20T08:42:04.876", "object_repr": "The Kiss", "object_id": "3", "change_message": "Changed photo.", "user": 1, "content_type": 11}}, {"pk": 37, "model": "admin.logentry", "fields": {"action_flag": 2, "action_time": "2013-05-20T08:42:33.564", "object_repr": "Birth of Venus", "object_id": "4", "change_message": "Changed photo.", "user": 1, "content_type": 11}}, {"pk": 38, "model": "admin.logentry", "fields": {"action_flag": 2, "action_time": "2013-05-20T08:43:53.396", "object_repr": "The Night Watch", "object_id": "6", "change_message": "No fields changed.", "user": 1, "content_type": 11}}, {"pk": 39, "model": "admin.logentry", "fields": {"action_flag": 2, "action_time": "2013-05-20T08:44:02.778", "object_repr": "The Night Watch", "object_id": "6", "change_message": "Changed photo.", "user": 1, "content_type": 11}}, {"pk": 40, "model": "admin.logentry", "fields": {"action_flag": 2, "action_time": "2013-05-20T08:44:44.653", "object_repr": "Girl with a Pearl Earring", "object_id": "7", "change_message": "Changed photo.", "user": 1, "content_type": 11}}, {"pk": 41, "model": "admin.logentry", "fields": {"action_flag": 2, "action_time": "2013-05-20T08:45:09.431", "object_repr": "Guernica", "object_id": "8", "change_message": "Changed photo.", "user": 1, "content_type": 11}}, {"pk": 42, "model": "admin.logentry", "fields": {"action_flag": 2, "action_time": "2013-05-20T08:45:36.154", "object_repr": "The Creation of Adam", "object_id": "9", "change_message": "Changed photo.", "user": 1, "content_type": 11}}, {"pk": 43, "model": "admin.logentry", "fields": {"action_flag": 2, "action_time": "2013-05-20T08:46:09.115", "object_repr": "The Last Supper", "object_id": "10", "change_message": "Changed photo.", "user": 1, "content_type": 11}}, {"pk": 44, "model": "admin.logentry", "fields": {"action_flag": 2, "action_time": "2013-05-20T08:46:39.001", "object_repr": "Starry Night", "object_id": "11", "change_message": "Changed photo.", "user": 1, "content_type": 11}}, {"pk": 45, "model": "admin.logentry", "fields": {"action_flag": 2, "action_time": "2013-05-20T08:52:41.897", "object_repr": "Girl with a Pearl Earring", "object_id": "7", "change_message": "Changed photo.", "user": 1, "content_type": 11}}, {"pk": 46, "model": "admin.logentry", "fields": {"action_flag": 2, "action_time": "2013-05-20T09:24:56.094", "object_repr": "aMuse: The Second Exhibition", "object_id": "2", "change_message": "Changed date_end.", "user": 1, "content_type": 10}}, {"pk": 47, "model": "admin.logentry", "fields": {"action_flag": 2, "action_time": "2013-05-21T09:20:35.657", "object_repr": "nanotrippolo@gmail.com - 2013-05-20 09:48:36", "object_id": "3", "change_message": "Changed public.", "user": 1, "content_type": 12}}, {"pk": 48, "model": "admin.logentry", "fields": {"action_flag": 2, "action_time": "2013-05-21T09:24:47.083", "object_repr": "nanotrippolo@gmail.com - 2013-05-20 09:48:36", "object_id": "3", "change_message": "Changed public.", "user": 1, "content_type": 12}}, {"pk": 49, "model": "admin.logentry", "fields": {"action_flag": 2, "action_time": "2013-05-21T09:27:56.243", "object_repr": "nanotrippolo@gmail.com - 2013-05-20 09:48:36", "object_id": "3", "change_message": "Changed public.", "user": 1, "content_type": 12}}, {"pk": 1, "model": "basetyzer.exhibit", "fields": {"date_begin": "2013-04-01", "name": "10 Famous Paintings of All Times", "date_end": "2015-04-11", "scan_limit": 10, "owner": 1, "image": "images/exhibit/Senza_titolo-1.png", "description": "Every year millions of dollars are spent by art collectors eager to own the world\u2019s most sought after paintings. However, the most expensive paintings are not necessarily the most famous paintings. The most famous ones are generally owned by museums, which very rarely sell them, and as such, they are quite literally priceless. An overview of the most famous paintings of all time, found in museums around the world."}}, {"pk": 2, "model": "basetyzer.exhibit", "fields": {"date_begin": "2013-02-05", "name": "aMuse: The Second Exhibition", "date_end": "2013-12-09", "scan_limit": 10, "owner": 1, "image": "images/exhibit/Senza_titolo-1_1.png", "description": "Il museo concepisce, produce e ospita nel corso dell\u2019anno esposizioni temporanee di tipo interattivo che coinvolgono in prima persona i visitatori e rendono accessibili a tutti argomenti anche complessi. Una serie di attivit\u00e0 indirizzate al pubblico e caratterizzate da una commistione tra scienza e spettacolo, performance teatrali e multisensorialit\u00e0, si propongono  di informare i partecipanti prediligendo modalit\u00e0 di intrattenimento e svago intelligente.  \u201cAmico della scuola\u201d,  il museo idea e realizza proposte formative che rispondono alle esigenze in continua evoluzione della scuola e della societ\u00e0. Le proposte didattiche prevedono un\u2019interazione diretta con i materiali e le attrezzature di laboratorio secondo la modalit\u00e0 hands \u2013 on.\r\n\r\nAl Museo di Trento fanno capo sezioni territoriali e convenzionate che soprattutto durante il periodo estivo offrono iniziative e attivit\u00e0 per tutti i gusti. Una particolarit\u00e0: il Museo delle Scienze \u00e8 l\u2019unico in Italia ad avere una sede permanente all\u2019estero, in Tanzania."}}, {"pk": 1, "model": "basetyzer.experience", "fields": {"date": "2013-05-14T18:15:54.634", "hash_url": "2-356a192b7913b04c54574d18c28d46e6395428ab", "user": 2, "public": true}}, {"pk": 2, "model": "basetyzer.experience", "fields": {"date": "2013-05-15T08:34:44.752", "hash_url": "ellejibo", "user": 2, "public": false}}, {"pk": 3, "model": "basetyzer.experience", "fields": {"date": "2013-05-20T09:48:36.600", "hash_url": "3-77de68daecd823babbb58edb1c8e14d7106e83bb", "user": 3, "public": false}}, {"pk": 4, "model": "basetyzer.experience", "fields": {"date": "2013-05-20T09:52:35.944", "hash_url": "4-1b6453892473a467d07372d45eb05abc2031647a", "user": 4, "public": false}}]